Alimentos,Aceite,Agua,Arroz,Carnes,Cereales,Conservas,Dulces,Embutidos,Fideos,Frutas,Huevos,Lácteos,Pan,Pescados,Verduras,Otras bebidas,Otros alimentos,
Calzado,Alpargatas,Botas,Pantuflas,Ojotas,Zapatillas deportivas,Zapatillas urbanas,Zapatos,Otros
Juguetes,Accesorios,Aire libre,Autos,Camiones,Figuras de acción,Juegos de mesa,Juegos didácticos,Juguetes de construcción,Juguetes electrónicos,Muñecas,Pelotas,Peluches,Rompecabezas,Videojuegos,Otros
Ropa,Bufandas,Buzos,Camisas,Camperas,Cinturones,Gorros,Guantes,Pantalones,Pijamas,Poleras,Polleras,Pulóveres,Remeras,Ropa interior,Shorts,Otros
Otros,Otro
Construcción,Arena,Baldes,Cemento,Mamelucos,Pinceles,Pintura,Otros
Educación,Afiches,Carpetas,Cartulinas,Colores,Cuadernos,Fibrones,Hojas,Lapiceras,Lápices,Libros,Pizarrones,Pupitres,Tijeras,Tizas,Otros
Animales,Alimento balanceado,Correas,Otros
Médico,Agujas,Analgésicos,Antibióticos,Desinfectantes,Gazas,Jeringas,Sangre,Vendas,Otros
Vivienda,Armarios,Camas,Colchones,Frazadas,Mesas,Sábanas,Sillas,Otros
Utensillos de cocina,Batidoras,Cucharas,Cuchillos,Ollas,Sartenes,Tenedores,Tuppers,Vasos,Otros
Electrodomésticos,Cocina,Freezers,Heladeras,Licuadoras,Microondas,Televisores,Otros
Recreativos,Flotadores,Pelotas de fútbol,Pelotas de tenis,Pelotas de básquet,Raquetas,Sogas,Otros
